Tau D,Tau F,Gov Pref,Reg Pref,Optimal Patent Breadth Cap,Expected Optimal Patent Breadth Granted,Welfare % Change,Innovator Welfare % Change,Imitator Welfare % Change,Non-Investor Welfare % Change
0.15,0.0,utilitarian,welfarist_balanced,0.9400000000000001,0.9400000000000001,1.1239587966843678,-6.205493918940215,8.491011698085225,113.9999870487438
0.15,0.0,utilitarian,pro_innovation,0.9400000000000001,0.9400000000000001,1.1239587966843678,-6.205493918940215,8.491011698085225,113.9999870487438
0.15,0.0,utilitarian,public_good,1.0,0.0,12.900101769331194,-105.54016914977241,141.68440039459827,1899.9990006060232
0.15,0.0,utilitarian,utilitarian,0.99,0.415173462513946,10.337216830400344,-74.67685545476373,100.78531415679664,1351.6731197933823
0.15,0.0,utilitarian,rawlsian,1.0,0.0700007337334048,12.661108791782468,-97.92256435218147,131.76435974594227,1766.9704719483066
0.15,0.0,elitist,welfarist_balanced,1.0,1.0000000000000004,-0.0011975415279469439,0.0,-0.0006131322764967821,0.0
0.15,0.0,elitist,pro_innovation,1.0,1.0000000000000004,-0.0011975415279469439,0.0,-0.0006131322764967821,0.0
0.15,0.0,elitist,public_good,1.0,0.0,-7.51040824435111,-105.54016914583671,141.68465801595838,1899.9990006055932
0.15,0.0,elitist,utilitarian,0.9400000000000001,0.4351788185346033,-2.8280402094848958,-54.033831154882634,73.01416515041058,979.2400492276289
0.15,0.0,elitist,rawlsian,1.0,0.0700007337334048,-6.313855908335902,-97.92256635653943,131.76455615899118,1766.9704713292424
0.15,0.0,strongly_elitist,welfarist_balanced,1.0,1.0000000000000004,-0.0024066901277774856,0.0,-0.0012264064915513857,0.0
0.15,0.0,strongly_elitist,pro_innovation,1.0,1.0000000000000004,-0.0024066901277774856,0.0,-0.0012264064915513857,0.0
0.15,0.0,strongly_elitist,public_good,0.31,0.31000000000000005,-17.484746182689285,-72.15408433417649,100.0,-68.96975416094988
0.15,0.0,strongly_elitist,utilitarian,0.9400000000000001,0.4351788185346033,-8.739051395805967,-54.027638828642196,73.01519710798999,979.2284906866038
0.15,0.0,strongly_elitist,rawlsian,1.0,0.0700007337334048,-17.022243153539872,-97.92256835983703,131.76475261518826,1766.9704702486606
0.15,0.0,egalitarian,welfarist_balanced,0.6,0.6000000000000003,5.354523703277809,-41.59920454125965,48.297976852686084,760.015794190097
0.15,0.0,egalitarian,pro_innovation,0.6,0.6000000000000003,5.354523703277809,-41.59920454125965,48.297976852686084,760.015794190097
0.15,0.0,egalitarian,public_good,1.0,0.0,48.771776437518,-105.54016915371102,141.68414283019277,1899.9990006062676
0.15,0.0,egalitarian,utilitarian,0.99,0.415173462513946,35.83091783519018,-74.67857160398823,100.78527331062904,1351.673543302885
0.15,0.0,egalitarian,rawlsian,1.0,0.0700007337334048,46.0092633014814,-97.92256234676658,131.764163376177,1766.97047229866
0.15,0.0,strongly_egalitarian,welfarist_balanced,0.32,0.31999999999999995,46.17124963838337,-71.16763759934514,79.65333056861171,1292.059959733499
0.15,0.0,strongly_egalitarian,pro_innovation,0.32,0.31999999999999995,46.17124963838337,-71.16763759934514,79.65333056861171,1292.059959733499
0.15,0.0,strongly_egalitarian,public_good,1.0,0.0,110.60491222940476,-105.54016915765249,141.68388532291934,1899.9990006064033
0.15,0.0,strongly_egalitarian,utilitarian,0.77,0.1488915033505077,80.89034993578865,-90.57772292789134,113.71964691308091,1636.7473517707394
0.15,0.0,strongly_egalitarian,rawlsian,1.0,0.0700007337334048,103.49200525400825,-97.92256034029809,131.76396704983063,1766.9704724952146
0.15,0.05,utilitarian,welfarist_balanced,0.9500000000000001,0.9500000000000002,1.7036087548679948,-5.1798682843654404,7.725106057749669,95.00007701059742
0.15,0.05,utilitarian,pro_innovation,0.9500000000000001,0.9500000000000002,1.7036087548679948,-5.1798682843654404,7.725106057749669,95.00007701059742
0.15,0.05,utilitarian,public_good,1.0,0.0,27.998632410519946,-105.84795434675608,154.54974569668767,1899.9996367748556
0.15,0.05,utilitarian,utilitarian,1.0,0.0,27.998632410519946,-105.84795434675608,154.54974569668767,1899.9996367748556
0.15,0.05,utilitarian,rawlsian,1.0,0.0800001048135159,26.493010136754794,-97.11136993105907,142.18528403414297,1747.993740150465
0.15,0.05,elitist,welfarist_balanced,0.9500000000000001,0.9500000000000002,0.49642232328787644,-5.255034555240845,7.728082246951622,94.99844630246086
0.15,0.05,elitist,pro_innovation,0.9500000000000001,0.9500000000000002,0.49642232328787644,-5.255034555240845,7.728082246951622,94.99844630246086
0.15,0.05,elitist,public_good,0.97,0.0,7.849929591572036,-105.84520652543846,154.54908071378023,1899.9910114023708
0.15,0.05,elitist,utilitarian,0.97,0.0,7.849929591572036,-105.84520652543846,154.54908071378023,1899.9910114023708
0.15,0.05,elitist,rawlsian,1.0,0.0800001048135159,7.958383035143097,-97.1113704570145,142.1857552439628,1747.9937400150156
0.15,0.05,strongly_elitist,welfarist_balanced,1.0,1.0000000000000004,-0.003980937808920634,0.0,-0.002232204204770701,0.0
0.15,0.05,strongly_elitist,pro_innovation,1.0,1.0000000000000004,-0.003980937808920634,0.0,-0.002232204204770701,0.0
0.15,0.05,strongly_elitist,public_good,0.9500000000000001,0.0,-3.532614130786049,-105.8386993691026,154.5438490869688,1899.9537150070587
0.15,0.05,strongly_elitist,utilitarian,0.9500000000000001,0.0,-3.532614130786049,-105.8386993691026,154.5438490869688,1899.9537150070587
0.15,0.05,strongly_elitist,rawlsian,1.0,0.0800001048135159,-2.5168992467789804,-97.11137098230037,142.18622652386088,1747.9937397785202
0.15,0.05,egalitarian,welfarist_balanced,0.45,0.45000000000000007,5.177715359815812,-57.5050458714633,66.72725050284807,1045.0399516527061
0.15,0.05,egalitarian,pro_innovation,0.45,0.45000000000000007,5.177715359815812,-57.5050458714633,66.72725050284807,1045.0399516527061
0.15,0.05,egalitarian,public_good,1.0,0.0,63.40285502687072,-105.84795434778628,154.54913649102062,1899.9996367749527
0.15,0.05,egalitarian,utilitarian,1.0,0.0,63.40285502687072,-105.84795434778628,154.54913649102062,1899.9996367749527
0.15,0.05,egalitarian,rawlsian,0.9500000000000001,0.08000001177170371,59.057587509485515,-97.109364425481,142.18466967875682,1748.00746031867
0.15,0.05,strongly_egalitarian,welfarist_balanced,0.45,0.45000000000000007,39.71860615975053,-57.48670430734583,66.71663250343884,1045.0624748641428
0.15,0.05,strongly_egalitarian,pro_innovation,0.45,0.45000000000000007,39.71860615975053,-57.48670430734583,66.71663250343884,1045.0624748641428
0.15,0.05,strongly_egalitarian,public_good,1.0,0.0,124.44095150483662,-105.84795434881694,154.5485273767105,1899.9996367750068
0.15,0.05,strongly_egalitarian,utilitarian,1.0,0.0,124.44095150483662,-105.84795434881694,154.5485273767105,1899.9996367750068
0.15,0.05,strongly_egalitarian,rawlsian,0.9500000000000001,0.08000001177170371,115.19910134634394,-97.10706406067642,142.18603489722614,1748.012365805723
0.15,0.1,utilitarian,welfarist_balanced,0.96,0.9600000000000002,1.9564225014837913,-4.151600192540305,6.797644251568647,75.99999811440154
0.15,0.1,utilitarian,pro_innovation,0.96,0.9600000000000002,1.9564225014837913,-4.151600192540305,6.797644251568647,75.99999811440154
0.15,0.1,utilitarian,public_good,1.0,0.0,42.85509146760493,-106.19195192537727,170.00512933340426,1899.9995569109
0.15,0.1,utilitarian,utilitarian,1.0,0.0,42.85509146760493,-106.19195192537727,170.00512933340426,1899.9995569109
0.15,0.1,utilitarian,rawlsian,1.0,0.09000010384704697,39.7979846690102,-96.32226874125021,154.70414731260823,1728.9937809451128
0.15,0.1,elitist,welfarist_balanced,0.96,0.9600000000000002,1.1309818214856573,-4.167443378968641,6.80020924729628,75.99876882418614
0.15,0.1,elitist,pro_innovation,0.96,0.9600000000000002,1.1309818214856573,-4.167443378968641,6.80020924729628,75.99876882418614
0.15,0.1,elitist,public_good,0.99,0.0,23.08412332735467,-106.18908370614623,170.0021904825504,1899.9942866757187
0.15,0.1,elitist,utilitarian,0.99,0.0,23.08412332735467,-106.18908370614623,170.0021904825504,1899.9942866757187
0.15,0.1,elitist,rawlsian,1.0,0.09000010384704697,21.812765833549495,-96.32226866037092,154.70457846489577,1728.9937808267766
0.15,0.1,strongly_elitist,welfarist_balanced,0.96,0.9600000000000002,0.648623354955844,-4.183259377970167,6.802770564432221,75.99662239289535
0.15,0.1,strongly_elitist,pro_innovation,0.96,0.9600000000000002,0.648623354955844,-4.183259377970167,6.802770564432221,75.99662239289535
0.15,0.1,strongly_elitist,public_good,0.99,0.0,11.930608642578742,-106.18621627969189,170.00181026560287,1899.9850842020085
0.15,0.1,strongly_elitist,utilitarian,0.99,0.0,11.930608642578742,-106.18621627969189,170.00181026560287,1899.9850842020085
0.15,0.1,strongly_elitist,rawlsian,1.0,0.09000010384704697,11.6618892109599,-96.32226857960586,154.7050095783182,1728.993780620119
0.15,0.1,egalitarian,welfarist_balanced,0.36,0.36000000000000004,4.752413201051312,-67.22120435273028,78.78978731548732,1216.0637144243626
0.15,0.1,egalitarian,pro_innovation,0.36,0.36000000000000004,4.752413201051312,-67.22120435273028,78.78978731548732,1216.0637144243626
0.15,0.1,egalitarian,public_good,1.0,0.0,77.61399607022622,-106.19195192685534,170.0045775559965,1899.999556911064
0.15,0.1,egalitarian,utilitarian,1.0,0.0,77.61399607022622,-106.19195192685534,170.0045775559965,1899.999556911064
0.15,0.1,egalitarian,rawlsian,0.97,0.09000001176795867,71.41802346795505,-96.3205681915024,154.70319194597357,1729.0046123164982
0.15,0.1,strongly_egalitarian,welfarist_balanced,0.36,0.36000000000000004,44.618565977808565,-67.19283566347536,78.78034446048748,1216.0996064133074
0.15,0.1,strongly_egalitarian,pro_innovation,0.36,0.36000000000000004,44.618565977808565,-67.19283566347536,78.78034446048748,1216.0996064133074
0.15,0.1,strongly_egalitarian,public_good,1.0,0.0,137.5686390541704,-106.19195192833445,170.00402572971606,1899.9995569111554
0.15,0.1,strongly_egalitarian,utilitarian,1.0,0.0,137.5686390541704,-106.19195192833445,170.00402572971606,1899.9995569111554
0.15,0.1,strongly_egalitarian,rawlsian,0.97,0.09000001176795867,125.95901992107363,-96.31858559580625,154.70436345840145,1729.007960309911
0.15,0.15,utilitarian,welfarist_balanced,0.97,0.9700000000000001,0.3855510591316838,-3.1202077952310905,5.664006940461775,0.0
0.15,0.15,utilitarian,pro_innovation,0.97,0.9700000000000001,0.3855510591316838,-3.1202077952310905,5.664006940461775,0.0
0.15,0.15,utilitarian,public_good,1.0,0.0,8.695365674008073,-106.57894860591351,188.89525472979926,0.0
0.15,0.15,utilitarian,utilitarian,0.97,0.1825548254833841,7.368973121145652,-82.75103414191865,147.29524066050894,0.0
0.15,0.15,utilitarian,rawlsian,1.0,0.11000010384357972,8.378120217873361,-94.46799790428572,168.11619859121916,-1.8503717077085938e-14
0.15,0.15,elitist,welfarist_balanced,0.97,0.9700000000000001,0.41307682444782057,-3.140460982870209,5.667094272131997,-0.0008531942535163766
0.15,0.15,elitist,pro_innovation,0.97,0.9700000000000001,0.41307682444782057,-3.140460982870209,5.667094272131997,-0.0008531942535163766
0.15,0.15,elitist,public_good,1.0,0.0,10.10905375681923,-106.57894860513454,188.8960832502658,0.0
0.15,0.15,elitist,utilitarian,0.97,0.1825548254833841,8.578413757043384,-82.74520041707814,147.29375086099157,-0.0008531942535163766
0.15,0.15,elitist,rawlsian,0.99,0.11000001176809757,9.743197413640724,-94.46569698314764,168.11309255091254,-0.0004123878093886568
0.15,0.15,strongly_elitist,welfarist_balanced,0.97,0.9700000000000001,0.41459797563058526,-3.160677016789035,5.670177485679727,-0.0023432893050844726
0.15,0.15,strongly_elitist,pro_innovation,0.97,0.9700000000000001,0.41459797563058526,-3.160677016789035,5.670177485679727,-0.0023432893050844726
0.15,0.15,strongly_elitist,public_good,1.0,0.0,11.094214384174181,-106.57894860435563,188.89691185443914,0.0
0.15,0.15,strongly_elitist,utilitarian,0.97,0.1825548254833841,9.427107996181158,-82.73936680778519,147.29226306517714,-0.0023432893050844726
0.15,0.15,strongly_elitist,rawlsian,0.99,0.11000001176809757,10.699590961823299,-94.46311732478458,168.11234771868115,-0.0011326368247673788
0.15,0.15,egalitarian,welfarist_balanced,0.97,0.9700000000000001,0.3312783023026605,-3.0999174212650917,5.660915489074782,0.0004825456277730737
0.15,0.15,egalitarian,pro_innovation,0.97,0.9700000000000001,0.3312783023026605,-3.0999174212650917,5.660915489074782,0.0004825456277730737
0.15,0.15,egalitarian,public_good,0.99,0.0,6.9322897348656065,-106.57588074759057,188.89338781554773,0.00023323061515947809
0.15,0.15,egalitarian,utilitarian,0.97,0.1825548254833841,5.8643719760539845,-82.75686797730482,147.29673246450366,0.0004825456277730737
0.15,0.15,egalitarian,rawlsian,0.97,0.11000001170011223,6.675963891934404,-94.4671204528442,168.1160639534528,0.0004825456277730737
0.15,0.15,strongly_egalitarian,welfarist_balanced,0.97,0.9700000000000001,0.25941689798454104,-3.0795898283625767,5.657819916380984,0.0007530735177239335
0.15,0.15,strongly_egalitarian,pro_innovation,0.97,0.9700000000000001,0.25941689798454104,-3.0795898283625767,5.657819916380984,0.0007530735177239335
0.15,0.15,strongly_egalitarian,public_good,0.99,0.0,5.064691789135487,-106.57281411507391,188.89436544842835,0.00036398267677605225
0.15,0.15,strongly_egalitarian,utilitarian,0.97,0.1825548254833841,4.275624168628528,-82.76270191823644,147.2982262737481,0.0007530735177239335
0.15,0.15,strongly_egalitarian,rawlsian,0.97,0.11000001170011223,4.875089971913859,-94.46595973331719,168.11829894771844,0.0007530735177239335
0.2,0.0,utilitarian,welfarist_balanced,0.88,0.8800000000000001,2.2273194492156883,-12.42450512314382,15.989818327673767,227.99981077475027
0.2,0.0,utilitarian,pro_innovation,0.88,0.8800000000000001,2.2273194492156883,-12.42450512314382,15.989818327673767,227.99981077475027
0.2,0.0,utilitarian,public_good,0.99,0.0,12.900110529942628,-105.55555643287695,133.35002333978298,1899.9982523413346
0.2,0.0,utilitarian,utilitarian,0.92,0.13030657100963822,11.990370378758467,-90.15926012518631,114.30361815881085,1628.7643911129014
0.2,0.0,utilitarian,rawlsian,0.99,0.07000000104167942,12.661196949358771,-97.93786124930587,124.01551291183621,1766.9982461223105
0.2,0.0,elitist,welfarist_balanced,0.99,0.9899999999999999,0.2026579825888888,-0.9386176769092526,1.3339007498349338,18.99982773352614
0.2,0.0,elitist,pro_innovation,0.99,0.9899999999999999,0.2026579825888888,-0.9386176769092526,1.3339007498349338,18.99982773352614
0.2,0.0,elitist,public_good,1.0,0.0,-14.243952251244803,-105.5555607271522,133.3500073932139,1899.9982523408828
0.2,0.0,elitist,utilitarian,0.9400000000000001,0.25757516346132053,-7.7538464480018945,-67.43644185857273,85.7977494759504,1222.5989835601881
0.2,0.0,elitist,rawlsian,0.99,0.07000000104167942,-12.567544030252781,-97.935884313878,124.01541667980636,1766.997020056457
0.2,0.0,strongly_elitist,welfarist_balanced,0.99,0.9899999999999999,0.33421173595138703,-0.8437241973568272,1.3343030460704794,18.99969134318681
0.2,0.0,strongly_elitist,pro_innovation,0.99,0.9899999999999999,0.33421173595138703,-0.8437241973568272,1.3343030460704794,18.99969134318681
0.2,0.0,strongly_elitist,public_good,0.31,0.31000000000000005,-16.978502587574308,-72.13887368386015,100.0,-68.96983364881774
0.2,0.0,strongly_elitist,utilitarian,0.31,0.31000000000000005,-16.978502587574308,-72.13887368386015,100.0,-68.96983364881774
0.2,0.0,strongly_elitist,rawlsian,0.31,0.31000000000000005,-16.978502587574308,-72.13887368386015,100.0,-68.96983364881774
0.2,0.0,egalitarian,welfarist_balanced,0.32,0.3199999999999973,26.87221255805816,-71.17622422775305,82.32777596018768,1292.0253799466989
0.2,0.0,egalitarian,pro_innovation,0.32,0.3199999999999973,26.87221255805816,-71.17622422775305,82.32777596018768,1292.0253799466989
0.2,0.0,egalitarian,public_good,0.99,0.0,60.18958039438103,-105.55023132048927,133.35015765161776,1899.998995740757
0.2,0.0,egalitarian,utilitarian,0.92,0.13030657100963822,52.493881648264505,-90.15918357522128,114.30408470326518,1628.7697159528395
0.2,0.0,egalitarian,rawlsian,1.0,0.07000000104167942,56.609460338869894,-97.93786562051694,124.01552771773794,1766.9982515455513
0.2,0.0,strongly_egalitarian,welfarist_balanced,0.32,0.3199999999999973,81.91604086754225,-71.1923633216201,82.32454817502298,1292.0402994746253
0.2,0.0,strongly_egalitarian,pro_innovation,0.32,0.3199999999999973,81.91604086754225,-71.1923633216201,82.32454817502298,1292.0402994746253
0.2,0.0,strongly_egalitarian,public_good,0.99,0.0,140.3184282680482,-105.54490711915142,133.3502920862329,1899.9994128521112
0.2,0.0,strongly_egalitarian,utilitarian,0.92,0.13030657100963822,121.13379580179607,-90.15911476411833,114.30455187055225,1628.7727037533045
0.2,0.0,strongly_egalitarian,rawlsian,1.0,0.07000000104167942,131.08801219021095,-97.93786563059211,124.01554032819774,1766.9982515478348
0.2,0.05,utilitarian,welfarist_balanced,0.91,0.9100000000000003,3.0505659942002525,-9.331188849826239,13.087975764988785,170.99989438512185
0.2,0.05,utilitarian,pro_innovation,0.91,0.9100000000000003,3.0505659942002525,-9.331188849826239,13.087975764988785,170.99989438512185
0.2,0.05,utilitarian,public_good,1.0,0.0,27.998633108680963,-105.86510605937515,145.45858584412187,1899.998907445134
0.2,0.05,utilitarian,utilitarian,1.0,0.0,27.998633108680963,-105.86510605937515,145.45858584412187,1899.998907445134
0.2,0.05,utilitarian,rawlsian,1.0,0.08000000104168371,26.49307433581785,-97.12669366216355,133.82188954945428,1747.9988717110298
0.2,0.05,elitist,welfarist_balanced,0.91,0.9100000000000003,0.6765421246259092,-9.324987627214046,13.091807549896068,170.9972038554334
0.2,0.05,elitist,pro_innovation,0.91,0.9100000000000003,0.6765421246259092,-9.324987627214046,13.091807549896068,170.9972038554334
0.2,0.05,elitist,public_good,0.96,0.0,1.2789677526067835,-105.86142120360748,145.45772563074593,1899.989190128883
0.2,0.05,elitist,utilitarian,0.96,0.0,1.2789677526067835,-105.86142120360748,145.45772563074593,1899.989190128883
0.2,0.05,elitist,rawlsian,0.97,0.08000000007535368,1.9158078100285352,-97.12553554638332,133.82138262344108,1747.9914723739232
0.2,0.05,strongly_elitist,welfarist_balanced,0.97,0.9700000000000001,-0.0004996185620109073,-3.0286657815978777,4.366301531217417,56.99820363955146
0.2,0.05,strongly_elitist,pro_innovation,0.97,0.9700000000000001,-0.0004996185620109073,-3.0286657815978777,4.366301531217417,56.99820363955146
0.2,0.05,strongly_elitist,public_good,0.96,0.0,-13.842673502552186,-105.85773468862928,145.45692179437526,1899.972226391344
0.2,0.05,strongly_elitist,utilitarian,0.96,0.0,-13.842673502552186,-105.85773468862928,145.45692179437526,1899.972226391344
0.2,0.05,strongly_elitist,rawlsian,0.97,0.08000000007535368,-11.995925401508146,-97.12437139789427,133.82092389673988,1747.9783652556525
0.2,0.05,egalitarian,welfarist_balanced,0.34,0.3400000000000001,19.787422647642185,-69.1982676312714,77.81114814648203,1254.04140992153
0.2,0.05,egalitarian,pro_innovation,0.34,0.3400000000000001,19.787422647642185,-69.1982676312714,77.81114814648203,1254.04140992153
0.2,0.05,egalitarian,public_good,0.97,0.0,74.57597553857849,-105.86273110819876,145.45914977578417,1900.0035053886606
0.2,0.05,egalitarian,utilitarian,0.97,0.0,74.57597553857849,-105.86273110819876,145.45914977578417,1900.0035053886606
0.2,0.05,egalitarian,rawlsian,0.96,0.08000000007535368,69.32506412739211,-97.12489566924813,133.82244365997616,1748.0040670535982
0.2,0.05,strongly_egalitarian,welfarist_balanced,0.34,0.3400000000000001,73.19535422355176,-69.19063542523682,77.80483715366454,1254.0650388558327
0.2,0.05,strongly_egalitarian,pro_innovation,0.34,0.3400000000000001,73.19535422355176,-69.19063542523682,77.80483715366454,1254.0650388558327
0.2,0.05,strongly_egalitarian,public_good,0.97,0.0,153.557189003543,-105.86035794526784,145.4597706742566,1900.0060844697932
0.2,0.05,strongly_egalitarian,utilitarian,0.97,0.0,153.557189003543,-105.86035794526784,145.4597706742566,1900.0060844697932
0.2,0.05,strongly_egalitarian,rawlsian,0.96,0.08000000007535368,141.956039034874,-97.12308687509106,133.8230453216946,1748.0069169282604
0.2,0.1,utilitarian,welfarist_balanced,0.9400000000000001,0.9400000000000001,2.930859133309696,-6.230377525402458,9.597727359628976,113.99992316354648
0.2,0.1,utilitarian,pro_innovation,0.9400000000000001,0.9400000000000001,2.930859133309696,-6.230377525402458,9.597727359628976,113.99992316354648
0.2,0.1,utilitarian,public_good,0.99,0.0,42.85509399129455,-106.21118137731568,160.00482813146294,1899.99914294124
0.2,0.1,utilitarian,utilitarian,0.99,0.0,42.85509399129455,-106.21118137731568,160.00482813146294,1899.99914294124
0.2,0.1,utilitarian,rawlsian,0.99,0.09000010384704689,39.79798714518255,-96.33879812135505,145.60390372855036,1728.993401929453
0.2,0.1,elitist,welfarist_balanced,0.9400000000000001,0.9400000000000001,1.483538063908858,-6.184581582495206,9.601395448098666,113.99808404957834
0.2,0.1,elitist,pro_innovation,0.9400000000000001,0.9400000000000001,1.483538063908858,-6.184581582495206,9.601395448098666,113.99808404957834
0.2,0.1,elitist,public_good,1.0,0.0,16.571789832951456,-106.21118296577603,160.00500733863805,1899.9991429412928
0.2,0.1,elitist,utilitarian,1.0,0.0,16.571789832951456,-106.21118296577603,160.00500733863805,1899.9991429412928
0.2,0.1,elitist,rawlsian,0.99,0.09000010384704689,15.894355037616455,-96.33753931270557,145.60373608297783,1728.9909970899114
0.2,0.1,strongly_elitist,welfarist_balanced,0.9400000000000001,0.9400000000000001,0.7208243470289984,-6.138788871356956,9.605058929126193,113.99487281952432
0.2,0.1,strongly_elitist,pro_innovation,0.9400000000000001,0.9400000000000001,0.7208243470289984,-6.138788871356956,9.605058929126193,113.99487281952432
0.2,0.1,strongly_elitist,public_good,1.0,0.0,1.7022372476895384,-106.21118296380034,160.00518547020684,1899.9991429413847
0.2,0.1,strongly_elitist,utilitarian,1.0,0.0,1.7022372476895384,-106.21118296380034,160.00518547020684,1899.9991429413847
0.2,0.1,strongly_elitist,rawlsian,0.99,0.09000010384704689,2.372345604105778,-96.33628128422748,145.6035688109045,1728.9867979422006
0.2,0.1,egalitarian,welfarist_balanced,0.46,0.46000000000000024,18.768602464388554,-56.607596670209816,66.38804349154995,1026.0394145796097
0.2,0.1,egalitarian,pro_innovation,0.46,0.46000000000000024,18.768602464388554,-56.607596670209816,66.38804349154995,1026.0394145796097
0.2,0.1,egalitarian,public_good,0.97,0.0,88.68287543032315,-106.20701120016233,160.00339890330613,1900.004015223722
0.2,0.1,egalitarian,utilitarian,0.97,0.0,88.68287543032315,-106.20701120016233,160.00339890330613,1900.004015223722
0.2,0.1,egalitarian,rawlsian,1.0,0.09000010384704689,81.47340890516008,-96.3388000714842,145.60376951559664,1728.9934042964824
0.2,0.1,strongly_egalitarian,welfarist_balanced,0.36,0.36000000000000004,63.801983754477504,-67.24131494706259,72.37929927741287,1216.0816154111544
0.2,0.1,strongly_egalitarian,pro_innovation,0.36,0.36000000000000004,63.801983754477504,-67.24131494706259,72.37929927741287,1216.0816154111544
0.2,0.1,strongly_egalitarian,public_good,0.97,0.0,166.4455848850238,-106.20284193561773,160.00453024680172,1900.0067474583182
0.2,0.1,strongly_egalitarian,utilitarian,0.97,0.0,166.4455848850238,-106.20284193561773,160.00453024680172,1900.0067474583182
0.2,0.1,strongly_egalitarian,rawlsian,0.96,0.09000001176795859,152.19321905859056,-96.33928022824915,145.60383475399027,1729.006479659325
0.2,0.15,utilitarian,welfarist_balanced,0.96,0.9600000000000002,2.5394077683515333,-4.161606238923297,7.10849972030433,75.99999169906573
0.2,0.15,utilitarian,pro_innovation,0.96,0.9600000000000002,2.5394077683515333,-4.161606238923297,7.10849972030433,75.99999169906573
0.2,0.15,utilitarian,public_good,1.0,0.0,57.47757051562111,-106.60066150714805,177.78376950027834,1899.999591636644
0.2,0.15,utilitarian,utilitarian,1.0,0.0,57.47757051562111,-106.60066150714805,177.78376950027834,1899.999591636644
0.2,0.15,utilitarian,rawlsian,1.0,0.10000010384357973,52.59106157907129,-95.57919294530451,160.0048484389062,1709.9938174801657
0.2,0.15,elitist,welfarist_balanced,0.96,0.9600000000000002,1.4851762112907811,-4.171282873462676,7.111720566731735,75.99843626463162
0.2,0.15,elitist,pro_innovation,0.96,0.9600000000000002,1.4851762112907811,-4.171282873462676,7.111720566731735,75.99843626463162
0.2,0.15,elitist,public_good,0.98,0.0,31.51182741041246,-106.59733857952325,177.7799239019506,1899.9907323191649
0.2,0.15,elitist,utilitarian,0.98,0.0,31.51182741041246,-106.59733857952325,177.7799239019506,1899.9907323191649
0.2,0.15,elitist,rawlsian,1.0,0.10000010384357973,29.23243131951838,-95.57919281557886,160.00538073662824,1709.993817369133
0.2,0.15,strongly_elitist,welfarist_balanced,0.96,0.9600000000000002,0.8795840165089861,-4.180947296915483,7.114937200077906,75.99571970970378
0.2,0.15,strongly_elitist,pro_innovation,0.96,0.9600000000000002,0.8795840165089861,-4.180947296915483,7.114937200077906,75.99571970970378
0.2,0.15,strongly_elitist,public_good,0.98,0.0,16.809229732502196,-106.59401565203642,177.77892209537913,1899.975259188385
0.2,0.15,strongly_elitist,utilitarian,0.98,0.0,16.809229732502196,-106.59401565203642,177.77892209537913,1899.975259188385
0.2,0.15,strongly_elitist,rawlsian,1.0,0.10000010384357973,16.001538829064554,-95.57919268594918,160.00591309968118,1709.9938171751835
0.2,0.15,egalitarian,welfarist_balanced,0.38,0.38000000000000006,19.3602517997005,-65.3251212554274,76.87805935959096,1178.061600102661
0.2,0.15,egalitarian,pro_innovation,0.38,0.38000000000000006,19.3602517997005,-65.3251212554274,76.87805935959096,1178.061600102661
0.2,0.15,egalitarian,public_good,0.99,0.0,102.73899753653117,-106.60097935048684,177.78372251880285,1900.0014959158839
0.2,0.15,egalitarian,utilitarian,0.99,0.0,102.73899753653117,-106.60097935048684,177.78372251880285,1900.0014959158839
0.2,0.15,egalitarian,rawlsian,0.98,0.10000001176809759,93.30881168187514,-95.57724658799894,160.003236417773,1710.003211384495
0.2,0.15,strongly_egalitarian,welfarist_balanced,0.38,0.38000000000000006,68.86042254779132,-65.32747462301217,76.86810593358106,1178.0962903019145
0.2,0.15,strongly_egalitarian,pro_innovation,0.38,0.38000000000000006,68.86042254779132,-65.32747462301217,76.86810593358106,1178.0962903019145
0.2,0.15,strongly_egalitarian,public_good,0.97,0.0,179.58609749888925,-106.59969861643637,177.7833902765432,1900.0084656141523
0.2,0.15,strongly_egalitarian,utilitarian,0.97,0.0,179.58609749888925,-106.59969861643637,177.7833902765432,1900.0084656141523
0.2,0.15,strongly_egalitarian,rawlsian,0.98,0.10000001176809759,162.43897641876606,-95.57501840855268,160.00401329223808,1710.0057534706518
0.25,0.0,utilitarian,welfarist_balanced,0.65,0.6500000000000002,6.115554912212791,-36.38850708657283,43.742920102857525,664.9991889335721
0.25,0.0,utilitarian,pro_innovation,0.65,0.6500000000000002,6.115554912212791,-36.38850708657283,43.742920102857525,664.9991889335721
0.25,0.0,utilitarian,public_good,1.0,0.0,12.900100965441284,-105.57103717220528,125.01565764748881,1899.9978078385366
0.25,0.0,utilitarian,utilitarian,0.7000000000000001,0.15077391684232438,12.262169129394193,-93.27785362410566,110.79456595170899,1684.0498985797637
0.25,0.0,utilitarian,rawlsian,1.0,0.060000734767568537,12.710434399359562,-99.03322974732146,117.51282848843536,1785.9692195541288
0.25,0.0,elitist,welfarist_balanced,1.0,1.0000000000000004,-0.00017225324115477606,0.0,-8.737688744546427e-05,0.0
0.25,0.0,elitist,pro_innovation,1.0,1.0000000000000004,-0.00017225324115477606,0.0,-8.737688744546427e-05,0.0
0.25,0.0,elitist,public_good,0.31,0.31000000000000005,-17.270479328084882,-72.18263107960786,100.0,-68.98911848666339
0.25,0.0,elitist,utilitarian,0.92,0.6860473982191737,-5.673980308136116,-33.67998591540573,40.336005119936786,613.163002784424
0.25,0.0,elitist,rawlsian,0.31,0.31000000000000005,-17.270479328084882,-72.18263107960786,100.0,-68.98911848666339
0.25,0.0,strongly_elitist,welfarist_balanced,1.0,1.0000000000000004,-0.00034915577058286534,0.0,-0.0001751887416335525,0.0
0.25,0.0,strongly_elitist,pro_innovation,1.0,1.0000000000000004,-0.00034915577058286534,0.0,-0.0001751887416335525,0.0
0.25,0.0,strongly_elitist,public_good,0.31,0.31000000000000005,-16.55341246140266,-72.13356063570401,100.0,-68.97003099405599
0.25,0.0,strongly_elitist,utilitarian,0.92,0.6860473982191737,-11.802176931406546,-33.64512198977823,40.33708397074727,613.1587610679561
0.25,0.0,strongly_elitist,rawlsian,0.31,0.31000000000000005,-16.55341246140266,-72.13356063570401,100.0,-68.97003099405599
0.25,0.0,egalitarian,welfarist_balanced,0.32,0.3199999999998676,34.72695431033662,-71.17335826242139,76.67418245828478,1292.0113316969466
0.25,0.0,egalitarian,pro_innovation,0.32,0.3199999999998676,34.72695431033662,-71.17335826242139,76.67418245828478,1292.0113316969466
0.25,0.0,egalitarian,public_good,0.9400000000000001,0.0,71.50730307146355,-105.56708837655238,125.01602842759473,1900.0012418643005
0.25,0.0,egalitarian,utilitarian,0.7000000000000001,0.15077391684232438,64.16358704277685,-93.28118008530305,110.7950327120209,1684.0586520119464
0.25,0.0,egalitarian,rawlsian,0.96,0.060000734767425325,67.7708826742285,-99.03329341054723,117.51301454423685,1785.9716266535263
0.25,0.0,strongly_egalitarian,welfarist_balanced,0.32,0.3199999999998676,101.84558478403575,-71.17781704337666,76.67217344497723,1292.0185270044192
0.25,0.0,strongly_egalitarian,pro_innovation,0.32,0.3199999999998676,101.84558478403575,-71.17781704337666,76.67217344497723,1292.0185270044192
0.25,0.0,strongly_egalitarian,public_good,0.9400000000000001,0.0,169.1339711216635,-105.56314459923514,125.01640831860958,1900.003168642242
0.25,0.0,strongly_egalitarian,utilitarian,0.7000000000000001,0.15077391684232438,150.6348629851036,-93.28450766606274,110.79550018482104,1684.0635635998349
0.25,0.0,strongly_egalitarian,rawlsian,0.96,0.060000734767425325,159.49813645369838,-99.03335685810771,117.5132077826279,1785.972977126374
0.25,0.05,utilitarian,welfarist_balanced,0.84,0.8400000000000002,5.344302583688189,-16.61116324021489,21.80295755169216,303.99978544705186
0.25,0.05,utilitarian,pro_innovation,0.84,0.8400000000000002,5.344302583688189,-16.61116324021489,21.80295755169216,303.99978544705186
0.25,0.05,utilitarian,public_good,1.0,0.0,27.993259061080042,-105.8823564341331,136.38230169565816,1899.9988906990466
0.25,0.05,utilitarian,utilitarian,1.0,0.0,27.993259061080042,-105.8823564341331,136.38230169565816,1899.9988906990466
0.25,0.05,utilitarian,rawlsian,1.0,0.0700007347711789,26.69220379925571,-98.22669142258724,126.8334789969377,1766.97024761566
0.25,0.05,elitist,welfarist_balanced,0.84,0.8400000000000002,0.1835666967495979,-16.54771947165874,21.80771604879224,303.9949299872237
0.25,0.05,elitist,pro_innovation,0.84,0.8400000000000002,0.1835666967495979,-16.54771947165874,21.80771604879224,303.9949299872237
0.25,0.05,elitist,public_good,1.0,0.0,-5.508927174525609,-105.8823564305408,136.38235559984838,1899.9988906987962
0.25,0.05,elitist,utilitarian,1.0,0.0,-5.508927174525609,-105.8823564305408,136.38235559984838,1899.9988906987962
0.25,0.05,elitist,rawlsian,1.0,0.0700007347711789,-4.452470213884929,-98.22668983354869,126.83351886780423,1766.9702472005647
0.25,0.05,strongly_elitist,welfarist_balanced,1.0,1.0000000000000004,-0.0005219283490891803,0.0,-0.0002884604431845469,0.0
0.25,0.05,strongly_elitist,pro_innovation,1.0,1.0000000000000004,-0.0005219283490891803,0.0,-0.0002884604431845469,0.0
0.25,0.05,strongly_elitist,public_good,0.33,0.3300000000000001,-16.233848964267906,-70.19813351154129,100.0,-66.97069094888722
0.25,0.05,strongly_elitist,utilitarian,0.33,0.3300000000000001,-16.233848964267906,-70.19813351154129,100.0,-66.97069094888722
0.25,0.05,strongly_elitist,rawlsian,0.33,0.3300000000000001,-16.233848964267906,-70.19813351154129,100.0,-66.97069094888722
0.25,0.05,egalitarian,welfarist_balanced,0.34,0.3400000000000001,42.834640064118524,-69.22403131438679,80.90270413380094,1254.0276004160598
0.25,0.05,egalitarian,pro_innovation,0.34,0.3400000000000001,42.834640064118524,-69.22403131438679,80.90270413380094,1254.0276004160598
0.25,0.05,egalitarian,public_good,1.0,0.0,85.79880781155558,-105.88235643772829,136.38224770148747,1899.9988906991885
0.25,0.05,egalitarian,utilitarian,1.0,0.0,85.79880781155558,-105.88235643772829,136.38224770148747,1899.9988906991885
0.25,0.05,egalitarian,rawlsian,1.0,0.0700007347711789,80.43008659328929,-98.22669301108841,126.83343905958287,1766.9702478505105
0.25,0.05,strongly_egalitarian,welfarist_balanced,0.34,0.3400000000000001,107.17552165295072,-69.23276129439819,80.89901788737117,1254.0435007129029
0.25,0.05,strongly_egalitarian,pro_innovation,0.34,0.3400000000000001,107.17552165295072,-69.23276129439819,80.89901788737117,1254.0435007129029
0.25,0.05,strongly_egalitarian,public_good,0.84,0.0,182.21053045754442,-105.87340881160311,136.36852465905895,1900.0201220536749
0.25,0.05,strongly_egalitarian,utilitarian,0.84,0.0,182.21053045754442,-105.87340881160311,136.36852465905895,1900.0201220536749
0.25,0.05,strongly_egalitarian,rawlsian,1.0,0.0700007347711789,170.05495106257152,-98.22669459905124,126.83339905582783,1766.9702479822254
0.25,0.1,utilitarian,welfarist_balanced,0.9,0.9000000000000001,4.8293203761727455,-10.392847629946106,14.973589632970267,189.99997463518554
0.25,0.1,utilitarian,pro_innovation,0.9,0.9000000000000001,4.8293203761727455,-10.392847629946106,14.973589632970267,189.99997463518554
0.25,0.1,utilitarian,public_good,1.0,0.0,42.85509052978955,-106.23053058607968,150.00452721944924,1899.9997031388957
0.25,0.1,utilitarian,utilitarian,1.0,0.0,42.85509052978955,-106.23053058607968,150.00452721944924,1899.9997031388957
0.25,0.1,utilitarian,rawlsian,1.0,0.0800001038470469,40.15507983170534,-97.4457851215849,138.00370588237482,1747.9939110436121
0.25,0.1,elitist,welfarist_balanced,0.9,0.9000000000000001,1.4966234352119345,-10.404578591882693,14.976315171332454,189.9972340638004
0.25,0.1,elitist,pro_innovation,0.9,0.9000000000000001,1.4966234352119345,-10.404578591882693,14.976315171332454,189.9972340638004
0.25,0.1,elitist,public_good,0.99,0.0,9.706940730894837,-106.22689903268991,150.0051033227045,1899.9980013739828
0.25,0.1,elitist,utilitarian,0.99,0.0,9.706940730894837,-106.22689903268991,150.0051033227045,1899.9980013739828
0.25,0.1,elitist,rawlsian,1.0,0.0800001038470469,9.662674165955709,-97.44578499610707,138.00430633844368,1747.993910912817
0.25,0.1,strongly_elitist,welfarist_balanced,1.0,1.0000000000000004,-0.005137499100235334,0.0,-0.0031581380920848315,0.0
0.25,0.1,strongly_elitist,pro_innovation,1.0,1.0000000000000004,-0.005137499100235334,0.0,-0.0031581380920848315,0.0
0.25,0.1,strongly_elitist,public_good,0.99,0.0,-9.171408074828525,-106.22326914677426,150.0056795793332,1899.9950297409912
0.25,0.1,strongly_elitist,utilitarian,0.99,0.0,-9.171408074828525,-106.22326914677426,150.0056795793332,1899.9950297409912
0.25,0.1,strongly_elitist,rawlsian,1.0,0.0800001038470469,-7.707333827350912,-97.4457848707169,138.00490693372976,1747.9939106843933
0.25,0.1,egalitarian,welfarist_balanced,0.36,0.36000000000000004,35.04074805014867,-67.25643072823185,75.99315676581206,1216.038246629218
0.25,0.1,egalitarian,pro_innovation,0.36,0.36000000000000004,35.04074805014867,-67.25643072823185,75.99315676581206,1216.038246629218
0.25,0.1,egalitarian,public_good,1.0,0.0,100.08939500622327,-106.23053058725917,150.00373737553997,1899.999703138991
0.25,0.1,egalitarian,utilitarian,1.0,0.0,100.08939500622327,-106.23053058725917,150.00373737553997,1899.999703138991
0.25,0.1,egalitarian,rawlsian,0.99,0.0800001038470469,92.79287931125738,-97.44429602559987,138.0032687676637,1747.9948033302246
0.25,0.1,strongly_egalitarian,welfarist_balanced,0.36,0.36000000000000004,97.7245422282676,-67.24306843381149,75.98711580589747,1216.059803203729
0.25,0.1,strongly_egalitarian,pro_innovation,0.36,0.36000000000000004,97.7245422282676,-67.24306843381149,75.98711580589747,1216.059803203729
0.25,0.1,strongly_egalitarian,public_good,1.0,0.0,195.64871616331658,-106.2305305884398,150.0029477160362,1899.999703139044
0.25,0.1,strongly_egalitarian,utilitarian,1.0,0.0,195.64871616331658,-106.2305305884398,150.0029477160362,1899.999703139044
0.25,0.1,strongly_egalitarian,rawlsian,0.92,0.08000001170025946,180.67478022618812,-97.4439183257268,138.00366072823746,1748.0129160791123
0.25,0.15,utilitarian,welfarist_balanced,0.93,0.9300000000000005,4.298872106177307,-7.288000133378939,11.566826982691275,133.0000074573817
0.25,0.15,utilitarian,pro_innovation,0.93,0.9300000000000005,4.298872106177307,-7.288000133378939,11.566826982691275,133.0000074573817
0.25,0.15,utilitarian,public_good,1.0,0.0,57.47757001813716,-106.62251786222114,166.67228470214718,1899.9996323889052
0.25,0.15,utilitarian,utilitarian,1.0,0.0,57.47757001813716,-106.62251786222114,166.67228470214718,1899.9996323889052
0.25,0.15,utilitarian,rawlsian,1.0,0.10000010384343239,52.591061124691294,-95.59766798505802,150.00454613246646,1709.9938542132209
0.25,0.15,elitist,welfarist_balanced,0.93,0.9300000000000005,1.8986117107070328,-7.3422967399039925,11.570495389708457,132.99758241001933
0.25,0.15,elitist,pro_innovation,0.93,0.9300000000000005,1.8986117107070328,-7.3422967399039925,11.570495389708457,132.99758241001933
0.25,0.15,elitist,public_good,0.98,0.0,24.927571714680766,-106.6198314815457,166.6722678045822,1899.995544328933
0.25,0.15,elitist,utilitarian,0.98,0.0,24.927571714680766,-106.6198314815457,166.6722678045822,1899.995544328933
0.25,0.15,elitist,rawlsian,1.0,0.10000010384343239,23.305992940768693,-95.5976678619376,150.00503422270668,1709.9938540868259
0.25,0.15,strongly_elitist,welfarist_balanced,0.9400000000000001,0.9400000000000001,0.6273867254139074,-6.299653478784806,10.004191526728832,113.99406868847971
0.25,0.15,strongly_elitist,pro_innovation,0.9400000000000001,0.9400000000000001,0.6273867254139074,-6.299653478784806,10.004191526728832,113.99406868847971
0.25,0.15,strongly_elitist,public_good,0.98,0.0,6.401187461908132,-106.61714539769005,166.67225201260115,1899.9884041203766
0.25,0.15,strongly_elitist,utilitarian,0.98,0.0,6.401187461908132,-106.61714539769005,166.67225201260115,1899.9884041203766
0.25,0.15,strongly_elitist,rawlsian,1.0,0.10000010384343239,6.635437759930947,-95.5976677387788,150.00552238070952,1709.993853866035
0.25,0.15,egalitarian,welfarist_balanced,0.46,0.46000000000000024,32.64540436681643,-56.78783732454155,67.76680761047328,1026.039301467215
0.25,0.15,egalitarian,pro_innovation,0.46,0.46000000000000024,32.64540436681643,-56.78783732454155,67.76680761047328,1026.039301467215
0.25,0.15,egalitarian,public_good,0.97,0.0,113.69734272628203,-106.62146480287701,166.6704902806737,1900.0054984207504
0.25,0.15,egalitarian,utilitarian,0.97,0.0,113.69734272628203,-106.62146480287701,166.6704902806737,1900.0054984207504
0.25,0.15,egalitarian,rawlsian,0.98,0.10000010384343239,103.16668798704696,-95.5958814299698,150.00455864332645,1709.9959487055414
0.25,0.15,strongly_egalitarian,welfarist_balanced,0.38,0.38000000000000006,86.92652822281855,-65.33878547675566,69.98139807117028,1178.0791284782954
0.25,0.15,strongly_egalitarian,pro_innovation,0.38,0.38000000000000006,86.92652822281855,-65.33878547675566,69.98139807117028,1178.0791284782954
0.25,0.15,strongly_egalitarian,public_good,0.97,0.0,207.61233219736758,-106.6204107497489,166.6715406042814,1900.0087869473032
0.25,0.15,strongly_egalitarian,utilitarian,0.97,0.0,207.61233219736758,-106.6204107497489,166.6715406042814,1900.0087869473032
0.25,0.15,strongly_egalitarian,rawlsian,0.9400000000000001,0.10000000104153217,187.64702429928153,-95.59545265356043,150.00571595868905,1710.01568228064
0.3,0.0,utilitarian,welfarist_balanced,0.32,0.3199996257169343,10.535059755352734,-71.17917471129915,79.3316980879941,1291.9295166263455
0.3,0.0,utilitarian,pro_innovation,0.32,0.3199996257169343,10.535059755352734,-71.17917471129915,79.3316980879941,1291.9295166263455
0.3,0.0,utilitarian,public_good,0.91,0.0,12.900100610381296,-105.58659299947193,116.68127466291419,1899.998213412246
0.3,0.0,utilitarian,utilitarian,0.34,0.08523796804621138,12.49063898507497,-96.2939952025344,106.67523087190881,1737.2674227115826
0.3,0.0,utilitarian,rawlsian,0.91,0.060000733733404706,12.710434391136022,-99.04729443818432,109.67864150871746,1785.9697171355
0.3,0.0,elitist,welfarist_balanced,1.0,1.0000000000000004,-0.0005368487718872996,0.0,-0.00027152194966208437,0.0
0.3,0.0,elitist,pro_innovation,1.0,1.0000000000000004,-0.0005368487718872996,0.0,-0.00027152194966208437,0.0
0.3,0.0,elitist,public_good,0.31,0.31000000000000005,-17.13999460273644,-72.19817718912317,100.0,-68.98914559850603
0.3,0.0,elitist,utilitarian,0.99,0.6913289304591443,-9.62054556366945,-39.06222753967768,43.487101604998166,708.1280664646381
0.3,0.0,elitist,rawlsian,0.31,0.31000000000000005,-17.13999460273644,-72.19817718912317,100.0,-68.98914559850603
0.3,0.0,strongly_elitist,welfarist_balanced,1.0,1.0000000000000004,-0.0010874951790409142,0.0,-0.0005433023041339002,0.0
0.3,0.0,strongly_elitist,pro_innovation,1.0,1.0000000000000004,-0.0010874951790409142,0.0,-0.0005433023041339002,0.0
0.3,0.0,strongly_elitist,public_good,0.31,0.31000000000000005,-16.370818430455223,-72.15564877623682,100.0,-68.970116452752
0.3,0.0,strongly_elitist,utilitarian,0.31,0.31000000000000005,-16.370818430455223,-72.15564877623682,100.0,-68.970116452752
0.3,0.0,strongly_elitist,rawlsian,0.31,0.31000000000000005,-16.370818430455223,-72.15564877623682,100.0,-68.970116452752
0.3,0.0,egalitarian,welfarist_balanced,0.32,0.3199996257169343,58.055075402136595,-71.18851184336,79.33208790589038,1291.9271149427245
0.3,0.0,egalitarian,pro_innovation,0.32,0.3199996257169343,58.055075402136595,-71.18851184336,79.33208790589038,1291.9271149427245
0.3,0.0,egalitarian,public_good,0.91,0.0,82.93375906407823,-105.58171008273,116.68126995499179,1899.998751952472
0.3,0.0,egalitarian,utilitarian,0.34,0.08523796804621138,76.47586587052969,-96.2980885888762,106.67510634719604,1737.2642546021245
0.3,0.0,egalitarian,rawlsian,0.99,0.06000073380110366,78.50802815523177,-99.04671967493178,109.6786205573978,1785.969713795664
0.3,0.0,strongly_egalitarian,welfarist_balanced,0.32,0.3199996257169343,135.97024832956484,-71.1978599581974,79.3324781105028,1291.9257674454634
0.3,0.0,strongly_egalitarian,pro_innovation,0.32,0.3199996257169343,135.97024832956484,-71.1978599581974,79.3324781105028,1291.9257674454634
0.3,0.0,strongly_egalitarian,public_good,0.91,0.0,197.72389845582111,-105.57682635930533,116.68126534367954,1899.9990541060215
0.3,0.0,strongly_egalitarian,utilitarian,0.34,0.08523796804621138,181.37063659333532,-96.30218068391513,106.674981699306,1737.262477091171
0.3,0.0,strongly_egalitarian,rawlsian,0.99,0.06000073380110366,186.36357719183275,-99.04613844498037,109.67859294294273,1785.9697139934349
0.3,0.05,utilitarian,welfarist_balanced,0.58,0.5800000000000001,13.50260293385483,-43.825205447771346,53.448115723398324,797.9998296337063
0.3,0.05,utilitarian,pro_innovation,0.58,0.5800000000000001,13.50260293385483,-43.825205447771346,53.448115723398324,797.9998296337063
0.3,0.05,utilitarian,public_good,0.98,0.0,27.993259249365554,-105.89970599966993,127.29014792599409,1899.9995519034192
0.3,0.05,utilitarian,utilitarian,0.98,0.0,27.993259249365554,-105.89970599966993,127.29014792599409,1899.9995519034192
0.3,0.05,utilitarian,rawlsian,0.98,0.07000000104168372,26.69251188050359,-98.24374726608079,118.37982932242286,1766.9994596162521
0.3,0.05,elitist,welfarist_balanced,1.0,1.0000000000000004,-0.0024860154466355877,0.0,-0.0013850187744872781,0.0
0.3,0.05,elitist,pro_innovation,1.0,1.0000000000000004,-0.0024860154466355877,0.0,-0.0013850187744872781,0.0
0.3,0.05,elitist,public_good,0.99,0.0,-12.484976923319396,-105.89644084374504,127.29052766457959,1899.999549325309
0.3,0.05,elitist,utilitarian,0.99,0.0,-12.484976923319396,-105.89644084374504,127.29052766457959,1899.999549325309
0.3,0.05,elitist,rawlsian,0.98,0.07000000104168372,-10.947129343262842,-98.2437295468603,118.38008492675173,1766.9994572045607
0.3,0.05,strongly_elitist,welfarist_balanced,1.0,1.0000000000000004,-0.005025848596220787,0.0,-0.0027702792432032185,0.0
0.3,0.05,strongly_elitist,pro_innovation,1.0,1.0000000000000004,-0.005025848596220787,0.0,-0.0027702792432032185,0.0
0.3,0.05,strongly_elitist,public_good,0.33,0.3300000000000001,-16.19467180779264,-70.23877455894873,100.0,-66.97073626463067
0.3,0.05,strongly_elitist,utilitarian,0.33,0.3300000000000001,-16.19467180779264,-70.23877455894873,100.0,-66.97073626463067
0.3,0.05,strongly_elitist,rawlsian,0.33,0.3300000000000001,-16.19467180779264,-70.23877455894873,100.0,-66.97073626463067
0.3,0.05,egalitarian,welfarist_balanced,0.34,0.34,50.47874990946038,-69.22674930439898,74.91738939228487,1254.0127715320414
0.3,0.05,egalitarian,pro_innovation,0.34,0.34,50.47874990946038,-69.22674930439898,74.91738939228487,1254.0127715320414
0.3,0.05,egalitarian,public_good,0.98,0.0,97.21678524498682,-105.89964528864117,127.2897689415993,1899.9995533618203
0.3,0.05,egalitarian,utilitarian,0.98,0.0,97.21678524498682,-105.89964528864117,127.2897689415993,1899.9995533618203
0.3,0.05,egalitarian,rawlsian,0.99,0.07000000104168372,91.04915142160537,-98.242776215381,118.37957445067461,1766.9994644629398
0.3,0.05,strongly_egalitarian,welfarist_balanced,0.34,0.34,126.33031454156544,-69.22871291156461,74.91550900966678,1254.0201025618119
0.3,0.05,strongly_egalitarian,pro_innovation,0.34,0.34,126.33031454156544,-69.22871291156461,74.91550900966678,1254.0201025618119
0.3,0.05,strongly_egalitarian,public_good,0.9,0.0,210.87451781957483,-105.89280079942074,127.27953629659577,1900.0064913790288
0.3,0.05,strongly_egalitarian,utilitarian,0.9,0.0,210.87451781957483,-105.89280079942074,127.27953629659577,1900.0064913790288
0.3,0.05,strongly_egalitarian,rawlsian,0.99,0.07000000104168372,196.71180051350692,-98.2418009913576,118.37931893355147,1766.999465227953
0.3,0.1,utilitarian,welfarist_balanced,0.36,0.36000000000000004,13.378470191258222,-67.28000437406334,79.59930274620689,1215.9999862497802
0.3,0.1,utilitarian,pro_innovation,0.36,0.36000000000000004,13.378470191258222,-67.28000437406334,79.59930274620689,1215.9999862497802
0.3,0.1,utilitarian,public_good,1.0,0.0,42.85505025972105,-106.25000019211582,140.00430717516335,1899.9999428120393
0.3,0.1,utilitarian,utilitarian,1.0,0.0,42.85505025972105,-106.25000019211582,140.00430717516335,1899.9999428120393
0.3,0.1,utilitarian,rawlsian,1.0,0.0800001037793437,40.1550423113381,-97.4628040736897,128.8035348905723,1747.9941429224127
0.3,0.1,elitist,welfarist_balanced,0.8300000000000001,0.8300000000000005,1.357598348505943,-17.730209776334295,23.80060538023453,322.99539203441066
0.3,0.1,elitist,pro_innovation,0.8300000000000001,0.8300000000000005,1.357598348505943,-17.730209776334295,23.80060538023453,322.99539203441066
0.3,0.1,elitist,public_good,0.99,0.0,2.9365459688788986,-106.24506041083075,140.00462818285882,1899.9970379453612
0.3,0.1,elitist,utilitarian,0.99,0.0,2.9365459688788986,-106.24506041083075,140.00462818285882,1899.9970379453612
0.3,0.1,elitist,rawlsian,1.0,0.0800001037793437,3.4335005424957807,-97.46280445301484,128.80401830848993,1747.99414280021
0.3,0.1,strongly_elitist,welfarist_balanced,1.0,1.0000000000000004,-0.00548227391339749,0.0,-0.003353963522392357,0.0
0.3,0.1,strongly_elitist,pro_innovation,1.0,1.0000000000000004,-0.00548227391339749,0.0,-0.003353963522392357,0.0
0.3,0.1,strongly_elitist,public_good,0.35000000000000003,0.3500000000000001,-16.472262689457303,-68.31514708020687,100.0,-64.97123091173547
0.3,0.1,strongly_elitist,utilitarian,0.35000000000000003,0.3500000000000001,-16.472262689457303,-68.31514708020687,100.0,-64.97123091173547
0.3,0.1,strongly_elitist,rawlsian,0.35000000000000003,0.3500000000000001,-16.472262689457303,-68.31514708020687,100.0,-64.97123091173547
0.3,0.1,egalitarian,welfarist_balanced,0.36,0.36000000000000004,57.65233095585374,-67.25012372210797,79.59592863543784,1216.0264348026417
0.3,0.1,egalitarian,pro_innovation,0.36,0.36000000000000004,57.65233095585374,-67.25012372210797,79.59592863543784,1216.0264348026417
0.3,0.1,egalitarian,public_good,0.9500000000000001,0.0,111.15842048447233,-106.24999632506021,140.00409422336264,1900.0028503713118
0.3,0.1,egalitarian,utilitarian,0.9500000000000001,0.0,111.15842048447233,-106.24999632506021,140.00409422336264,1900.0028503713118
0.3,0.1,egalitarian,rawlsian,0.99,0.0800001037793437,102.97260070058162,-97.460797688722,128.80320437508266,1747.9956637583953
0.3,0.1,strongly_egalitarian,welfarist_balanced,0.36,0.36000000000000004,130.37720354594097,-67.22019171106852,79.592549632965,1216.0412687629325
0.3,0.1,strongly_egalitarian,pro_innovation,0.36,0.36000000000000004,130.37720354594097,-67.22019171106852,79.592549632965,1216.0412687629325
0.3,0.1,strongly_egalitarian,public_good,0.9500000000000001,0.0,223.4029321574301,-106.24999416714569,140.00394154979094,1900.0044807711492
0.3,0.1,strongly_egalitarian,utilitarian,0.9500000000000001,0.0,223.4029321574301,-106.24999416714569,140.00394154979094,1900.0044807711492
0.3,0.1,strongly_egalitarian,rawlsian,0.84,0.08000000103806904,206.20207260436788,-97.45837463736879,128.8031112691739,1748.0176227774289
0.3,0.15,utilitarian,welfarist_balanced,0.6,0.6000000000000003,8.922080328990399,-41.93891303035033,51.10289740340219,759.9998811191807
0.3,0.15,utilitarian,pro_innovation,0.6,0.6000000000000003,8.922080328990399,-41.93891303035033,51.10289740340219,759.9998811191807
0.3,0.15,utilitarian,public_good,1.0,0.0,57.46671175016713,-106.64451930994652,155.58154153201332,1899.9997098751562
0.3,0.15,utilitarian,utilitarian,1.0,0.0,57.46671175016713,-106.64451930994652,155.58154153201332,1899.9997098751562
0.3,0.15,utilitarian,rawlsian,1.0,0.09000073380124693,53.08745730219591,-96.70997996231829,141.57686005850275,1728.9711259277274
0.3,0.15,elitist,welfarist_balanced,0.9,0.9000000000000001,2.4142774167299637,-10.417110570485978,15.546919380670687,189.99612279735325
0.3,0.15,elitist,pro_innovation,0.9,0.9000000000000001,2.4142774167299637,-10.417110570485978,15.546919380670687,189.99612279735325
0.3,0.15,elitist,public_good,1.0,0.0,18.322369977858276,-106.64451930943511,155.5815990459826,1899.999709874987
0.3,0.15,elitist,utilitarian,1.0,0.0,18.322369977858276,-106.64451930943511,155.5815990459826,1899.999709874987
0.3,0.15,elitist,rawlsian,1.0,0.09000073380124693,17.483369455570134,-96.70997936171005,141.57690321219542,1728.971125513069
0.3,0.15,strongly_elitist,welfarist_balanced,0.92,0.9200000000000005,0.2746011123305946,-8.282090230766093,12.439586900110484,151.99238552281332
0.3,0.15,strongly_elitist,pro_innovation,0.92,0.9200000000000005,0.2746011123305946,-8.282090230766093,12.439586900110484,151.99238552281332
0.3,0.15,strongly_elitist,public_good,1.0,0.0,-4.07158334628134,-106.64451930892385,155.5816562148952,1899.9997098746894
0.3,0.15,strongly_elitist,utilitarian,1.0,0.0,-4.07158334628134,-106.64451930892385,155.5816562148952,1899.9997098746894
0.3,0.15,strongly_elitist,rawlsian,1.0,0.09000073380124693,-2.8853357720990482,-96.70997876084297,141.57694610766347,1728.9711247887426
0.3,0.15,egalitarian,welfarist_balanced,0.38,0.38,48.61469078849813,-65.30936963204351,74.21085961162989,1178.0390028163279
0.3,0.15,egalitarian,pro_innovation,0.38,0.38,48.61469078849813,-65.30936963204351,74.21085961162989,1178.0390028163279
0.3,0.15,egalitarian,public_good,1.0,0.0,124.43270502915539,-106.64451931045805,155.58148367299074,1899.9997098752528
0.3,0.15,egalitarian,utilitarian,1.0,0.0,124.43270502915539,-106.64451931045805,155.58148367299074,1899.9997098752528
0.3,0.15,egalitarian,rawlsian,1.0,0.09000073380124693,113.99683572361204,-96.7099805626674,141.57681664658804,1728.971126162207
0.3,0.15,strongly_egalitarian,welfarist_balanced,0.38,0.38,118.69673319066145,-65.27383499688972,74.20385516148106,1178.0609517866642
0.3,0.15,strongly_egalitarian,pro_innovation,0.38,0.38,118.69673319066145,-65.27383499688972,74.20385516148106,1178.0609517866642
0.3,0.15,strongly_egalitarian,public_good,1.0,0.0,234.51341925028052,-106.64451931096967,155.58142546891892,1899.9997098753067
0.3,0.15,strongly_egalitarian,utilitarian,1.0,0.0,234.51341925028052,-106.64451931096967,155.58142546891892,1899.9997098753067
0.3,0.15,strongly_egalitarian,rawlsian,1.0,0.09000073380124693,214.12136921370396,-96.70998116275713,141.57677297645435,1728.971126293637
